Title,Price,Stock
A Light in the ...,£51.77,In stock
Tipping the Velvet,£53.74,In stock
Soumission,£50.10,In stock
Sharp Objects,£47.82,In stock
Sapiens: A Brief History ...,£54.23,In stock
The Requiem Red,£22.65,In stock
The Dirty Little Secrets ...,£33.34,In stock
The Coming Woman: A ...,£17.93,In stock
The Boys in the ...,£22.60,In stock
The Black Maria,£52.15,In stock
Starving Hearts (Triangular Trade ...,£13.99,In stock
Shakespeare's Sonnets,£20.66,In stock
Set Me Free,£17.46,In stock
Scott Pilgrim's Precious Little ...,£52.29,In stock
Rip it Up and ...,£35.02,In stock
Our Band Could Be ...,£57.25,In stock
Olio,£23.88,In stock
Mesaerion: The Best Science ...,£37.59,In stock
Libertarianism for Beginners,£51.33,In stock
It's Only the Himalayas,£45.17,In stock
In Her Wake,£12.84,In stock
How Music Works,£37.32,In stock
Foolproof Preserving: A Guide ...,£30.52,In stock
Chase Me (Paris Nights ...,£25.27,In stock
Black Dust,£34.53,In stock
Birdsong: A Story in ...,£54.64,In stock
America's Cradle of Quarterbacks: ...,£22.50,In stock
Aladdin and His Wonderful ...,£53.13,In stock
Worlds Elsewhere: Journeys Around ...,£40.30,In stock
Wall and Piece,£44.18,In stock
The Four Agreements: A ...,£17.66,In stock
The Five Love Languages: ...,£31.05,In stock
The Elephant Tree,£23.82,In stock
The Bear and the ...,£36.89,In stock
Sophie's World,£15.94,In stock
Penny Maybe,£33.29,In stock
Maude (1883-1993):She Grew Up ...,£18.02,In stock
"In a Dark, Dark ...",£19.63,In stock
Behind Closed Doors,£52.22,In stock
You can't bury them ...,£33.63,In stock
Slow States of Collapse: ...,£57.31,In stock
Reasons to Stay Alive,£26.41,In stock
Private Paris (Private #10),£47.61,In stock
#HigherSelfie: Wake Up Your ...,£23.11,In stock
Without Borders (Wanderlove #1),£45.07,In stock
When We Collided,£31.77,In stock
"We Love You, Charlie ...",£50.27,In stock
Untitled Collection: Sabbath Poems ...,£14.27,In stock
Unseen City: The Majesty ...,£44.18,In stock
Unicorn Tracks,£18.78,In stock
Unbound: How Eight Technologies ...,£25.52,In stock
Tsubasa: WoRLD CHRoNiCLE 2 ...,£16.28,In stock
Throwing Rocks at the ...,£31.12,In stock
This One Summer,£19.49,In stock
Thirst,£17.27,In stock
The Torch Is Passed: ...,£19.09,In stock
The Secret of Dreadwillow ...,£56.13,In stock
The Pioneer Woman Cooks: ...,£56.41,In stock
The Past Never Ends,£56.50,In stock
The Natural History of ...,£45.22,In stock
The Nameless City (The ...,£38.16,In stock
The Murder That Never ...,£54.11,In stock
The Most Perfect Thing: ...,£42.96,In stock
The Mindfulness and Acceptance ...,£23.89,In stock
The Life-Changing Magic of ...,£16.77,In stock
The Inefficiency Assassin: Time ...,£20.59,In stock
The Gutsy Girl: Escapades ...,£37.13,In stock
The Electric Pencil: Drawings ...,£56.06,In stock
The Death of Humanity: ...,£58.11,In stock
The Bulletproof Diet: Lose ...,£49.05,In stock
The Art Forger,£40.76,In stock
The Age of Genius: ...,£19.73,In stock
The Activist's Tao Te ...,£32.24,In stock
Spark Joy: An Illustrated ...,£41.83,In stock
Soul Reader,£39.58,In stock
Security,£39.25,In stock
"Saga, Volume 6 (Saga ...",£25.02,In stock
"Saga, Volume 5 (Saga ...",£51.04,In stock
Reskilling America: Learning to ...,£19.83,In stock
"Rat Queens, Vol. 3: ...",£50.40,In stock
"Princess Jellyfish 2-in-1 Omnibus, ...",£13.61,In stock
Princess Between Worlds (Wide-Awake ...,£13.34,In stock
"Pop Gun War, Volume ...",£18.97,In stock
"Political Suicide: Missteps, Peccadilloes, ...",£36.28,In stock
Patience,£10.16,In stock
"Outcast, Vol. 1: A ...",£15.44,In stock
orange: The Complete Collection ...,£48.41,In stock
Online Marketing for Busy ...,£46.35,In stock
On a Midnight Clear,£14.07,In stock
Obsidian (Lux #1),£14.86,In stock
My Paris Kitchen: Recipes ...,£33.37,In stock
Masks and Shadows,£56.40,In stock
Mama Tried: Traditional Italian ...,£14.02,In stock
"Lumberjanes, Vol. 2: Friendship ...",£46.91,In stock
"Lumberjanes, Vol. 1: Beware ...",£45.61,In stock
Lumberjanes Vol. 3: A ...,£19.92,In stock
"Layered: Baking, Building, and ...",£40.11,In stock
Judo: Seven Steps to ...,£53.90,In stock
Join,£35.67,In stock
In the Country We ...,£22.00,In stock
Immunity: How Elie Metchnikoff ...,£57.36,In stock
"I Hate Fairyland, Vol. ...",£29.17,In stock
I am a Hero ...,£54.63,In stock
How to Be Miserable: ...,£46.03,In stock
Her Backup Boyfriend (The ...,£33.97,In stock
"Giant Days, Vol. 2 ...",£22.11,In stock
Forever and Forever: The ...,£29.69,In stock
First and First (Five ...,£15.97,In stock
Fifty Shades Darker (Fifty ...,£21.96,In stock
Everydata: The Misinformation Hidden ...,£54.35,In stock
Don't Be a Jerk: ...,£37.97,In stock
Danganronpa Volume 1,£51.99,In stock
Crown of Midnight (Throne ...,£43.29,In stock
"Codename Baboushka, Volume 1: ...",£36.72,In stock
Camp Midnight,£17.08,In stock
Call the Nurse: True ...,£29.14,In stock
Burning,£28.81,In stock
Bossypants,£49.46,In stock
"Bitch Planet, Vol. 1: ...",£37.92,In stock
Avatar: The Last Airbender: ...,£28.09,In stock
Algorithms to Live By: ...,£30.81,In stock
A World of Flavor: ...,£42.95,In stock
"A Piece of Sky, ...",£56.76,In stock
A Murder in Time,£16.64,In stock
A Flight of Arrows ...,£55.53,In stock
A Fierce and Subtle ...,£28.13,In stock
A Court of Thorns ...,£52.37,In stock
(Un)Qualified: How God Uses ...,£54.00,In stock
You Are What You ...,£21.87,In stock
William Shakespeare's Star Wars: ...,£43.30,In stock
Tuesday Nights in 1980,£21.04,In stock
Tracing Numbers on a ...,£41.60,In stock
Throne of Glass (Throne ...,£35.07,In stock
Thomas Jefferson and the ...,£59.64,In stock
Thirteen Reasons Why,£52.72,In stock
The White Cat and ...,£58.08,In stock
The Wedding Dress,£24.12,In stock
The Vacationers,£42.15,In stock
The Third Wave: An ...,£12.61,In stock
The Stranger,£17.44,In stock
The Shadow Hero (The ...,£33.14,In stock
The Secret (The Secret ...,£27.37,In stock
The Regional Office Is ...,£51.36,In stock
The Psychopath Test: A ...,£36.00,In stock
The Project,£10.65,In stock
The Power of Now: ...,£43.54,In stock
The Omnivore's Dilemma: A ...,£38.21,In stock
The Nerdy Nummies Cookbook: ...,£37.34,In stock
The Murder of Roger ...,£44.10,In stock
The Mistake (Off-Campus #2),£43.29,In stock
The Matchmaker's Playbook (Wingmen ...,£55.85,In stock
The Love and Lemons ...,£37.60,In stock
The Long Shadow of ...,£10.97,In stock
The Kite Runner,£41.82,In stock
The House by the ...,£36.95,In stock
The Glittering Court (The ...,£44.28,In stock
The Girl on the ...,£55.02,In stock
The Genius of Birds,£17.24,In stock
The Emerald Mystery,£23.15,In stock
The Cookies & Cups ...,£41.25,In stock
The Bridge to Consciousness: ...,£32.00,In stock
The Artist's Way: A ...,£38.49,In stock
The Art of War,£33.34,In stock
The Argonauts,£10.93,In stock
The 10% Entrepreneur: Live ...,£27.55,In stock
Suddenly in Love (Lake ...,£55.99,In stock
Something More Than This,£16.24,In stock
Soft Apocalypse,£26.12,In stock
So You've Been Publicly ...,£12.23,In stock
Shoe Dog: A Memoir ...,£23.99,In stock
"Shobu Samurai, Project Aryoku ...",£29.06,In stock
Secrets and Lace (Fatal ...,£20.27,In stock
Scarlett Epstein Hates It ...,£43.55,In stock
Romero and Juliet: A ...,£36.94,In stock
Redeeming Love,£20.47,In stock
Poses for Artists Volume ...,£41.06,In stock
Poems That Make Grown ...,£14.19,In stock
"Nightingale, Sing",£38.28,In stock
Night Sky with Exit ...,£41.05,In stock
Mrs. Houdini,£30.25,In stock
Modern Romance,£28.26,In stock
Miss Peregrine’s Home for ...,£10.76,In stock
Louisa: The Extraordinary Life ...,£16.85,In stock
Little Red,£13.47,In stock
Library of Souls (Miss ...,£48.56,In stock
Large Print Heart of ...,£19.15,In stock
I Had a Nice ...,£57.36,In stock
Hollow City (Miss Peregrine’s ...,£42.98,In stock
Grumbles,£22.16,In stock
Full Moon over Noah’s ...,£49.43,In stock
Frostbite (Vampire Academy #2),£29.99,In stock
Follow You Home,£21.36,In stock
First Steps for New ...,£29.00,In stock
Finders Keepers (Bill Hodges ...,£53.53,In stock
"Fables, Vol. 1: Legends ...",£41.62,In stock
Eureka Trivia 6.0,£54.59,In stock
Drive: The Surprising Truth ...,£34.95,In stock
Done Rubbed Out (Reightman ...,£37.72,In stock
Doing It Over (Most ...,£35.61,In stock
Deliciously Ella Every Day: ...,£42.16,In stock
Dark Notes,£19.19,In stock
Daring Greatly: How the ...,£19.43,In stock
Close to You,£49.46,In stock
Chasing Heaven: What Dying ...,£37.80,In stock
Big Magic: Creative Living ...,£30.80,In stock
Becoming Wise: An Inquiry ...,£27.43,In stock
Beauty Restored (Riley Family ...,£11.11,In stock
Batman: The Long Halloween ...,£36.50,In stock
Batman: The Dark Knight ...,£15.38,In stock
Ayumi's Violin,£15.48,In stock
Anonymous,£46.82,In stock
Amy Meets the Saints ...,£18.46,In stock
Amid the Chaos,£36.58,In stock
Amatus,£50.54,In stock
Agnostic: A Spirited Manifesto,£12.51,In stock
Zealot: The Life and ...,£24.70,In stock
You (You #1),£43.61,In stock
"Wonder Woman: Earth One, ...",£37.34,In stock
Wild Swans,£14.36,In stock
Why the Right Went ...,£52.65,In stock
Whole Lotta Creativity Going ...,£38.20,In stock
What's It Like in ...,£19.60,In stock
"We Are Robin, Vol. ...",£53.90,In stock
Walt Disney's Alice in ...,£12.96,In stock
V for Vendetta (V ...,£37.10,In stock
Until Friday Night (The ...,£46.31,In stock
Unbroken: A World War ...,£45.95,In stock
Twenty Yawns,£22.08,In stock
Through the Woods,£25.38,In stock
This Is Where It ...,£27.12,In stock
The Year of Magical ...,£43.04,In stock
The Wright Brothers,£56.80,In stock
The White Queen (The ...,£25.91,In stock
The Wedding Pact (The ...,£32.61,In stock
The Time Keeper,£27.88,In stock
The Testament of Mary,£52.67,In stock
The Star-Touched Queen,£46.02,In stock
The Songs of the ...,£44.48,In stock
The Song of Achilles,£37.40,In stock
The Rosie Project (Don ...,£54.04,In stock
The Power of Habit: ...,£16.88,In stock
The Marriage of Opposites,£28.08,In stock
The Lucifer Effect: Understanding ...,£10.40,In stock
The Long Haul (Diary ...,£44.07,In stock
The Loney,£23.40,In stock
The Literature Book (Big ...,£17.43,In stock
The Last Mile (Amos ...,£54.21,In stock
The Immortal Life of ...,£40.67,In stock
The Hidden Oracle (The ...,£52.26,In stock
The Help Yourself Cookbook ...,£28.77,In stock
The Guilty (Will Robie ...,£13.82,In stock
The First Hostage (J.B. ...,£25.85,In stock
The Dovekeepers,£48.78,In stock
The Darkest Lie,£35.35,In stock
The Bane Chronicles (The ...,£44.73,In stock
The Bad-Ass Librarians of ...,£15.77,In stock
The 14th Colony (Cotton ...,£39.24,In stock
That Darkness (Gardiner and ...,£13.92,In stock
Tastes Like Fear (DI ...,£10.69,In stock
Take Me with You,£45.21,In stock
Swell: A Year of ...,£45.58,In stock
Superman Vol. 1: Before ...,£11.89,In stock
Still Life with Bread ...,£26.41,In stock
Steve Jobs,£39.50,In stock
Sorting the Beef from ...,£44.74,In stock
Someone Like You (The ...,£52.79,In stock
"So Cute It Hurts!!, ...",£35.43,In stock
Shtum,£55.84,In stock
See America: A Celebration ...,£48.87,In stock
salt.,£46.78,In stock
Robin War,£47.82,In stock
"Red Hood/Arsenal, Vol. 1: ...",£25.48,In stock
Rain Fish,£23.57,In stock
Quarter Life Poetry: Poems ...,£50.89,In stock
Pet Sematary,£10.56,In stock
"Overload: How to Unplug, ...",£52.15,In stock
Once Was a Time,£18.28,In stock
Old School (Diary of ...,£11.83,In stock
No Dream Is Too ...,£21.95,In stock
"Naruto (3-in-1 Edition), Vol. ...",£38.39,In stock
